{"cameraMode":{"drawMode":0,"name":"Shaded","section":"Shading Mode"},"sceneLighting":true,"audioPlay":false,"sceneViewState":{"m_AlwaysRefresh":false,"showFog":true,"showSkybox":true,"showFlares":true,"showImageEffects":true,"showParticleSystems":true,"showVisualEffectGraphs":true,"m_FxEnabled":true},"in2DMode":false,"pivot":{"x":241.87437438964845,"y":824.6976928710938,"z":-224.66934204101563},"rotation":{"x":-0.037779469043016437,"y":0.0335666723549366,"z":-0.001269729807972908,"w":-0.9987214207649231},"size":704.6366577148438,"orthographic":false}